"Tỉnh/Thành phố sau sáp nhập","Detail"
"Hà Nội","Hạng du lịch: A | Địa danh: Hà Nội; Hồ Gươm; Phố Cổ Hà Nội; Hồ Tây; Văn Miếu; Hoàng Thành Thăng Long; Lăng Bác; Ba Vì; chùa Hương; làng cổ Đường Lâm | Hashtag Instagram: #dulichhanoi; #hanoitravel; #reviewhanoi; #anchoihanoi; #hanoifood; #phocohanoi; #checkinhanoi"
"TP.HCM","Hạng du lịch: A | Địa danh: TP.HCM; Sài Gòn; Vũng Tàu; Côn Đảo; Hồ Tràm; chợ Bến Thành; phố Bùi Viện; Nhà thờ Đức Bà; Landmark 81; Cần Giờ; Bình Dương | Hashtag Instagram: #dulichsaigon; #saigontravel; #reviewsaigon; #anchoisaigon; #saigonfood; #dulichvungtau; #condao"
"Đà Nẵng","Hạng du lịch: A | Địa danh: Đà Nẵng; Bà Nà Hills; Hội An; Mỹ Khê; Sơn Trà; Ngũ Hành Sơn; Cầu Rồng; Cù Lao Chàm; Mỹ Sơn; đèo Hải Vân; Quảng Nam | Hashtag Instagram: #dulichdanang; #danangtravel; #reviewdanang; #anchoidanang; #danangfood; #hoian; #banahills"
"Huế","Hạng du lịch: A | Địa danh: Huế; Đại Nội Huế; Kinh thành Huế; sông Hương; chùa Thiên Mụ; lăng Khải Định; lăng Tự Đức; Bạch Mã; Lăng Cô; biển Thuận An | Hashtag Instagram: #dulichhue; #huetravel; #reviewhue; #anchoihue; #huefood; #dainoihue"
"Lâm Đồng","Hạng du lịch: A | Địa danh: Đà Lạt; Langbiang; hồ Tuyền Lâm; thác Datanla; thung lũng Tình Yêu; đồi chè Cầu Đất; Mũi Né; Phan Thiết; Bàu Trắng; Tà Đùng | Hashtag Instagram: #dulichdalat; #dalattravel; #reviewdalat; #anchoidalat; #dalatfood; #muine; #phanthiet"
"Khánh Hòa","Hạng du lịch: A | Địa danh: Nha Trang; Khánh Hòa; Vinpearl Nha Trang; đảo Bình Ba; Vĩnh Hy; Dốc Lết; Cam Ranh; Bãi Dài; Ninh Thuận; Phan Rang | Hashtag Instagram: #dulichnhatrang; #nhatrangtravel; #reviewnhatrang; #anchoinhatrang; #nhatrangfood; #vinhhy"
"Quảng Ninh","Hạng du lịch: A | Địa danh: Hạ Long; Vịnh Hạ Long; Bãi Cháy; Cô Tô; Quan Lạn; Yên Tử; Bình Liêu; Tuần Châu; Móng Cái | Hashtag Instagram: #dulichhalong; #halongbay; #reviewhalong; #anchoihalong; #coto; #quangninh"
"Ninh Bình","Hạng du lịch: A | Địa danh: Ninh Bình; Tràng An; Tam Cốc; Hang Múa; Bái Đính; Cúc Phương; đầm Vân Long; Nam Định; Hà Nam | Hashtag Instagram: #dulichninhbinh; #ninhbinhtravel; #reviewninhbinh; #trangan; #tamcoc; #hangmua"
"Lào Cai","Hạng du lịch: A | Địa danh: Sa Pa; Lào Cai; Fansipan; Y Tý; Bắc Hà; Mù Cang Chải; Nghĩa Lộ; đỉnh Lảo Thẩn; Yên Bái | Hashtag Instagram: #dulichsapa; #sapatravel; #reviewsapa; #mucangchai; #fansipan; #yty"
"An Giang","Hạng du lịch: A | Địa danh: Phú Quốc; An Giang; Châu Đốc; Núi Cấm; rừng tràm Trà Sư; Hà Tiên; Nam Du; Hòn Sơn; miếu Bà Chúa Xứ; Kiên Giang | Hashtag Instagram: #dulichphuquoc; #phuquoctravel; #reviewphuquoc; #anchoiphuquoc; #chaudoc; #hatien; #namdu"
"Gia Lai","Hạng du lịch: A | Địa danh: Quy Nhơn; Gia Lai; Bình Định; Kỳ Co; Eo Gió; Pleiku; Biển Hồ; Ghềnh Ráng; Hầm Hô | Hashtag Instagram: #dulichquynhon; #quynhontravel; #reviewquynhon; #kyco; #eogio; #pleiku"
"Tuyên Quang","Hạng du lịch: A | Địa danh: Hà Giang; Tuyên Quang; Đồng Văn; Mã Pí Lèng; Lũng Cú; sông Nho Quế; cao nguyên đá; Hoàng Su Phì; Na Hang | Hashtag Instagram: #dulichhagiang; #hagiang; #hagiangloop; #reviewhagiang; #dongvan; #mapileng"
"Hải Phòng","Hạng du lịch: B | Địa danh: Hải Phòng; Cát Bà; Đồ Sơn; đảo Cát Bà; Hải Dương; Côn Sơn Kiếp Bạc | Hashtag Instagram: #dulichhaiphong; #catba; #reviewhaiphong; #haiphongfood"
"Cần Thơ","Hạng du lịch: B | Địa danh: Cần Thơ; chợ nổi Cái Răng; bến Ninh Kiều; cồn Sơn; Sóc Trăng; Hậu Giang | Hashtag Instagram: #dulichcantho; #canthotravel; #reviewcantho; #chonoicairang"
"Thanh Hóa","Hạng du lịch: B | Địa danh: Thanh Hóa; Sầm Sơn; Pù Luông; suối cá Cẩm Lương; biển Hải Tiến; thành nhà Hồ | Hashtag Instagram: #dulichthanhhoa; #samson; #puluong; #reviewthanhhoa"
"Nghệ An","Hạng du lịch: B | Địa danh: Nghệ An; Cửa Lò; quê Bác; Pù Mát; đảo Lan Châu; Mường Lống | Hashtag Instagram: #dulichnghean; #cualo; #reviewnghean"
"Quảng Trị","Hạng du lịch: B | Địa danh: Phong Nha; Quảng Bình; Đồng Hới; động Thiên Đường; Sơn Đoòng; Quảng Trị; Cồn Cỏ; thành cổ Quảng Trị | Hashtag Instagram: #dulichquangbinh; #phongnha; #dongthienduong; #reviewquangbinh; #quangtri"
"Quảng Ngãi","Hạng du lịch: B | Địa danh: Lý Sơn; Quảng Ngãi; Kon Tum; Măng Đen; biển Sa Huỳnh; đảo Bé | Hashtag Instagram: #dulichlyson; #lyson; #mangden; #reviewquangngai"
"Đắk Lắk","Hạng du lịch: B | Địa danh: Buôn Ma Thuột; Đắk Lắk; hồ Lắk; thác Dray Nur; Phú Yên; Tuy Hòa; Gành Đá Đĩa; Bãi Xếp | Hashtag Instagram: #dulichbuonmathuot; #daklak; #phuyen; #ganhdadia; #tuyhoa"
"Tây Ninh","Hạng du lịch: B | Địa danh: Tây Ninh; Núi Bà Đen; Tòa Thánh Cao Đài; hồ Dầu Tiếng; Long An; làng nổi Tân Lập | Hashtag Instagram: #dulichtayninh; #nuibaden; #reviewtayninh"
"Cao Bằng","Hạng du lịch: B | Địa danh: Cao Bằng; thác Bản Giốc; động Ngườm Ngao; hồ Thang Hen; Pác Bó | Hashtag Instagram: #dulichcaobang; #bangioc; #reviewcaobang"
"Điện Biên","Hạng du lịch: B | Địa danh: Điện Biên; Điện Biên Phủ; A Pa Chải; đèo Pha Đin; Mường Thanh | Hashtag Instagram: #dulichdienbien; #dienbienphu; #reviewdienbien"
"Phú Thọ","Hạng du lịch: B | Địa danh: Phú Thọ; Đền Hùng; Tam Đảo; Vĩnh Phúc; Hòa Bình; Mai Châu; vườn quốc gia Xuân Sơn | Hashtag Instagram: #dulichphutho; #tamdao; #denhung; #maichau"
"Đồng Nai","Hạng du lịch: B | Địa danh: Đồng Nai; Bình Phước; thác Giang Điền; núi Chứa Chan; vườn quốc gia Cát Tiên; hồ Trị An | Hashtag Instagram: #dulichdongnai; #cattien; #reviewdongnai"
"Sơn La","Hạng du lịch: B | Địa danh: Mộc Châu; Sơn La; đồi chè Mộc Châu; thác Dải Yếm; Tà Xùa; ngũ động Bản Ôn | Hashtag Instagram: #dulichmocchau; #mocchau; #taxua; #reviewmocchau"
"Hưng Yên","Hạng du lịch: C | Địa danh: Hưng Yên; Phố Hiến; Thái Bình; biển Cồn Vành | Hashtag Instagram: #dulichhungyen; #phohien"
"Bắc Ninh","Hạng du lịch: C | Địa danh: Bắc Ninh; Bắc Giang; đền Đô; chùa Bút Tháp; Tây Yên Tử | Hashtag Instagram: #dulichbacninh; #denbo"
"Vĩnh Long","Hạng du lịch: C | Địa danh: Vĩnh Long; Bến Tre; Trà Vinh; cồn Phụng; cù lao An Bình | Hashtag Instagram: #dulichvinhlong; #dulichbentre"
"Đồng Tháp","Hạng du lịch: C | Địa danh: Đồng Tháp; Tiền Giang; Sa Đéc; Tràm Chim; làng hoa Sa Đéc; Mỹ Tho | Hashtag Instagram: #dulichdongthap; #sadec; #tramchim"
"Cà Mau","Hạng du lịch: C | Địa danh: Cà Mau; Bạc Liêu; Mũi Cà Mau; đất Mũi; nhà công tử Bạc Liêu; U Minh | Hashtag Instagram: #dulichcamau; #muicamau; #baclieu"
"Lạng Sơn","Hạng du lịch: C | Địa danh: Lạng Sơn; Mẫu Sơn; động Tam Thanh; Bắc Sơn | Hashtag Instagram: #dulichlangson; #mauson; #bacson"
"Thái Nguyên","Hạng du lịch: C | Địa danh: Thái Nguyên; Bắc Kạn; hồ Ba Bể; hồ Núi Cốc; ATK Định Hóa | Hashtag Instagram: #dulichthainguyen; #babe"
"Hà Tĩnh","Hạng du lịch: C | Địa danh: Hà Tĩnh; biển Thiên Cầm; chùa Hương Tích; đèo Ngang | Hashtag Instagram: #dulichhatinh; #thiencam"
"Lai Châu","Hạng du lịch: C | Địa danh: Lai Châu; Pu Ta Leng; Sìn Hồ; đèo Ô Quy Hồ; Sin Suối Hồ | Hashtag Instagram: #dulichlaichau; #putaleng"
